{
	"class_name" : "PinholeCameraParameters",
	"extrinsic" : 
	[
		0.97068278626700744,
		0.22408140090791553,
		-0.08696237239211882,
		0.0,
		0.15559417188426594,
		-0.31001926248409417,
		0.93791178186675317,
		0.0,
		0.18320857545586949,
		-0.92394566001251632,
		-0.33579612151343652,
		0.0,
		32.080133034485719,
		45.133949596479226,
		65.427113000762006,
		1.0
	],
	"intrinsic" : 
	{
		"height" : 1080,
		"intrinsic_matrix" : 
		[
			935.30743608719376,
			0.0,
			0.0,
			0.0,
			935.30743608719376,
			0.0,
			959.5,
			539.5,
			1.0
		],
		"width" : 1920
	},
	"version_major" : 1,
	"version_minor" : 0
}