{
	"class_name" : "PinholeCameraParameters",
	"extrinsic" : 
	[
		0.80717185445554818,
		-0.16942984646617149,
		0.56547955268182859,
		0.0,
		-0.5824416464063279,
		-0.3845257319887655,
		0.7161715506566777,
		0.0,
		0.096100603048458938,
		-0.90743236032497421,
		-0.40906134690137724,
		0.0,
		-39.518124678937674,
		291.93597882313782,
		418.2976266742678,
		1.0
	],
	"intrinsic" : 
	{
		"height" : 1080,
		"intrinsic_matrix" : 
		[
			935.30743608719376,
			0.0,
			0.0,
			0.0,
			935.30743608719376,
			0.0,
			959.5,
			539.5,
			1.0
		],
		"width" : 1920
	},
	"version_major" : 1,
	"version_minor" : 0
}